<?xml version="1.0" encoding="UTF-8" ?>
<!DOCTYPE configuration
  PUBLIC "-//mybatis.org//DTD Config 3.0//EN"
  "http://mybatis.org/dtd/mybatis-3-config.dtd">
<configuration>
	<environments default="development">
		<environment id="development">
			<transactionManager type="JDBC" />
			<dataSource type="POOLED">
				<property name="driver" value="org.h2.Driver" />
				<property name="url" value="jdbc:h2:tcp://localhost/~/training" />
				<property name="username" value="vinod" />
				<property name="password" value="secret" />
			</dataSource>
		</environment>
	</environments>
	
	<mappers>
		<mapper class="co.vinod.dao.CustomerDao" />
	</mappers>
</configuration>