id,first_name,last_name,gender,email,phone,address,city,state,country
1,Olive,Kerslake,Female,okerslake0@free.fr,817-731-5548,133 New Castle Parkway,Arlington,Texas,United States
2,Viviyan,Inchboard,Female,vinchboard1@smugmug.com,423-528-0944,80 Ridgeview Parkway,Chattanooga,Tennessee,United States
3,Rinaldo,Olander,Male,rolander2@nhs.uk,773-254-3923,41 Dexter Circle,Chicago,Illinois,United States
4,Kristos,Mickleburgh,Male,kmickleburgh3@google.com,304-973-0901,9 Sundown Drive,Huntington,West Virginia,United States
5,Garwood,Tonsley,Male,gtonsley4@g.co,907-685-1641,77 Rieder Plaza,Fairbanks,Alaska,United States
6,Melessa,Habbema,Female,mhabbema5@smugmug.com,509-318-3430,01102 Summerview Park,Spokane,Washington,United States
7,Gauthier,Van der Veldt,Male,gvanderveldt6@census.gov,502-127-5704,0 La Follette Lane,Louisville,Kentucky,United States
8,Stan,Poppleton,Male,spoppleton7@51.la,607-239-4248,35812 Warbler Junction,Elmira,New York,United States
9,Kaleena,Rehme,Female,krehme8@1688.com,561-360-3558,6792 7th Junction,Lake Worth,Florida,United States
10,Hubie,Sifflett,Male,hsifflett9@globo.com,786-751-5997,568 Mccormick Parkway,Miami,Florida,United States
11,Flory,Barnicott,Male,fbarnicotta@businessweek.com,915-940-4177,66 Del Sol Drive,El Paso,Texas,United States
12,Curt,McKane,Male,cmckaneb@mit.edu,408-725-7346,374 Pierstorff Lane,San Jose,California,United States
13,Alick,Christal,Male,achristalc@godaddy.com,941-339-7726,85 Debs Lane,Sarasota,Florida,United States
14,Dyan,Cush,Female,dcushd@istockphoto.com,310-458-6647,66729 Larry Way,Los Angeles,California,United States
15,Florence,Selby,Female,fselbye@hostgator.com,225-546-5110,90 Clove Pass,Baton Rouge,Louisiana,United States
16,Eziechiele,Linner,Male,elinnerf@livejournal.com,714-539-4921,68 Havey Court,San Jose,California,United States
17,Athena,Woodhouse,Female,awoodhouseg@bigcartel.com,480-964-5302,22 Algoma Road,Gilbert,Arizona,United States
18,Merry,Worsnup,Female,mworsnuph@wiley.com,239-356-6454,58060 Memorial Plaza,Cape Coral,Florida,United States
19,Livvie,Krystek,Female,lkrysteki@youku.com,312-754-4950,066 Waywood Road,Chicago,Illinois,United States
20,Jan,Topaz,Male,jtopazj@walmart.com,918-669-9294,142 Buhler Point,Tulsa,Oklahoma,United States
21,Christi,Olyonov,Female,colyonovk@hexun.com,501-662-7926,44523 Drewry Crossing,North Little Rock,Arkansas,United States
22,Mignonne,Varley,Female,mvarleyl@tripod.com,915-882-2988,3260 Dixon Terrace,El Paso,Texas,United States
23,Augustine,Haldenby,Male,ahaldenbym@eepurl.com,302-145-1218,29155 Doe Crossing Avenue,Newark,Delaware,United States
24,Winny,Sonley,Male,wsonleyn@squarespace.com,520-241-1092,36446 Mitchell Hill,Tucson,Arizona,United States
25,Dewain,Stanmore,Male,dstanmoreo@earthlink.net,816-333-5667,6 Pennsylvania Circle,Kansas City,Missouri,United States